{
  "lesson": {
    "title": "The Big Bang and the Origin of the Universe",
    "gradeLevel": "High School / Intro College",
    "subject": "Astrophysics / Cosmology",
    "duration": "45 minutes",
    "modules": [
      {
        "title": "1. What is the Big Bang Theory?",
        "content": "The Big Bang Theory is the leading explanation of how the universe began. It suggests that the universe started from an extremely hot and dense point approximately 13.8 billion years ago and has been expanding ever since.",
        "image":"hackathon_images/big_bang.png",
        "video":"https://www.youtube.com/watch?v=pivS9HzattI",
        "keywords": [
          "Big Bang",
          "expansion",
          "cosmology",
          "origin of universe"
        ]
      },
      {
        "title": "2. Evidence for the Big Bang",
        "subtopics": [
          {
            "title": "Cosmic Microwave Background (CMB)",
            "content": "The CMB is the afterglow radiation from the Big Bang, uniformly detected in all directions, providing strong evidence of the early hot state of the universe.",
            "image":"",
            "video":""
          },
          {
            "title": "Redshift of Galaxies",
            "content": "As galaxies move away from us, their light shifts to the red end of the spectrum. This shows the universe is expanding, supporting the Big Bang theory.",
            "image":"",
            "video":""
          },
          {
            "title": "Abundance of Light Elements",
            "content": "Elements like hydrogen, helium, and lithium were formed in the first few minutes after the Big Bang in a process called nucleosynthesis.",
            "image":"",
            "video":""
          }
        ],
        "keywords": [
          "CMB",
          "redshift",
          "nucleosynthesis",
          "expansion"
        ]
      },
      {
        "title": "3. Timeline of the Universe",
        "content": "The universe evolved in stages: the Big Bang, inflation, formation of atoms, stars, galaxies, and eventually, the solar system. Major events occurred in fractions of seconds to billions of years after the Big Bang.",
        "image":"hackathon_images/timeline_of_universe.png",
        "video":"",
        "milestones": [
          {
            "time": "10^-43 seconds",
            "event": "Planck Era"
          },
          {
            "time": "10^-36 seconds",
            "event": "Inflation begins"
          },
          {
            "time": "3 minutes",
            "event": "Nucleosynthesis"
          },
          {
            "time": "380,000 years",
            "event": "CMB released"
          },
          {
            "time": "1 billion years",
            "event": "First galaxies form"
          },
          {
            "time": "13.8 billion years",
            "event": "Present day"
          }
        ],
        "keywords": [
          "inflation",
          "CMB",
          "galaxy formation",
          "timeline"
        ]
      },
      {
        "title": "4. Misconceptions about the Big Bang",
        "content": "The Big Bang was not an explosion in space; it was an expansion of space itself. It didn\u2019t happen at a point in space\u2014it happened everywhere simultaneously.",
        "image":"",
        "video":"",
        "keywords": [
          "expansion",
          "not explosion",
          "space-time"
        ]
      },
      {
        "title": "5. Open Questions and Modern Theories",
        "subtopics": [
          {
            "title": "Dark Matter and Dark Energy",
            "content": "About 95% of the universe is made up of dark matter and dark energy, both of which we cannot directly observe yet.",
            "image":"",
            "video":""
          },
          {
            "title": "Multiverse Theories",
            "content": "Some theories suggest our universe might be one of many in a 'multiverse,' though this is still speculative.",
            "imqge":"",
            "video":""
          },
          {
            "title": "Quantum Gravity",
            "content": "Scientists are still trying to unify quantum mechanics with general relativity to understand the earliest moments of the universe.",
            "image":"",
            "video":""
          }
        ],
        "keywords": [
          "dark matter",
          "dark energy",
          "quantum gravity",
          "multiverse"
        ]
      }
    ]
  }
}