{
  "lesson": {
    "title": "Understanding Limits in Mathematics",
    "gradeLevel": "High School / Intro College",
    "subject": "Mathematics",
    "duration": "45 minutes",
    "modules": [
      {
        "title": "1. What is a Limit?",
        "content": "A limit is a fundamental concept in calculus that describes the value a function approaches as the input approaches a certain value.",
        "image": "hackathon_images/limits.png",
        "video": "https://www.youtube.com/watch?v=riXcZT2ICjA",
        "keywords": [
          "limit",
          "calculus",
          "approaches",
          "value"
        ]
      },
      {
        "title": "2. Limit Notation",
        "content": "The limit of a function f(x) as x approaches a is written as lim x→a f(x).",
        "image": "",
        "video": "",
        "keywords": [
          "notation",
          "limit notation",
          "lim"
        ]
      },
      {
        "title": "3. One-Sided Limits",
        "subtopics": [
          {
            "title": "Left-Hand Limit",
            "content": "The limit of a function as it approaches a value from the left side.",
            "image": "",
            "video": ""
          },
          {
            "title": "Right-Hand Limit",
            "content": "The limit of a function as it approaches a value from the right side.",
            "image": "",
            "video": ""
          }
        ],
        "keywords": [
          "left-hand limit",
          "right-hand limit",
          "one-sided limits"
        ]
      },
      {
        "title": "4. Limits at Infinity",
        "content": "Limits can also describe the behavior of functions as x approaches infinity or negative infinity.",
        "image": "",
        "video": "",
        "keywords": [
          "infinity",
          "limit at infinity"
        ]
      },
      {
        "title": "5. When Limits Do Not Exist",
        "content": "A limit does not exist if the left-hand and right-hand limits are not equal, or if the function behaves erratically near the point.",
        "image": "",
        "video": "",
        "keywords": [
          "undefined",
          "non-existent limits",
          "discontinuity"
        ]
      }
    ]
  }
}
