{
  "lesson": {
    "title": "Introduction to Operating Systems",
    "gradeLevel": "High School / Intro College",
    "subject": "Computer Science",
    "duration": "45 minutes",
    "modules": [
      {
        "title": "1. What is an Operating System?",
        "content": "An operating system (OS) is system software that manages hardware and software resources and provides services for computer programs.",
        "image": "hackathon_images/os_structure.png",
        "video":"https://www.youtube.com/watch?v=ACsLvXuaKxw",
        "keywords": [
          "Operating System",
          "system software",
          "computer management"
        ]
      },
      {
        "title": "2. Types of Operating Systems",
        "subtopics": [
          {
            "title": "Batch Operating System",
            "content": "Processes are batched together and executed without interaction from the user.",
            "image": "",
            "video":""
          },
          {
            "title": "Time-Sharing Operating System",
            "content": "Allows multiple users to use the system simultaneously by sharing time slices.",
            "image": "",
            "video":""
          },
          {
            "title": "Real-Time Operating System",
            "content": "Used for systems that require immediate processing and responses, such as embedded systems.",
            "image": "",
            "video":""
          }
        ],
        "keywords": [
          "batch",
          "time-sharing",
          "real-time",
          "types of OS"
        ]
      },
      {
        "title": "3. Functions of an Operating System",
        "content": "Operating systems handle memory management, process scheduling, input/output control, file systems, and security.",
        "image": "",
        "video":"",
        "keywords": [
          "memory management",
          "scheduling",
          "file system",
          "security"
        ]
      },
      {
        "title": "4. User Interfaces in OS",
        "content": "OS provides command-line interface (CLI) and graphical user interface (GUI) for interaction with the system.",
        "image": "",
        "video":"",
        "keywords": [
          "CLI",
          "GUI",
          "user interface"
        ]
      },
      {
        "title": "5. Popular Operating Systems",
        "subtopics": [
          {
            "title": "Windows",
            "content": "Developed by Microsoft, widely used in personal and business computers.",
            "image": "",
            "video":""
          },
          {
            "title": "Linux",
            "content": "An open-source OS used in servers, desktops, and embedded systems.",
            "image": "",
            "video":""
          },
          {
            "title": "macOS",
            "content": "Developed by Apple, known for its smooth interface and tight hardware integration.",
            "image": "",
            "video":""
          }
        ],
        "keywords": [
          "Windows",
          "Linux",
          "macOS",
          "popular OS"
        ]
      }
    ]
  }
}